id,name,read,pattern,sequence,feature_type
5,5_PDX1,R2,5PTAACCGTTGCTAGGAGAGACCATATG(BC),CAACTGCGTCCATGAAACAATAGACGCAGTTGAGAGTGGC,Custom
12,12_PAX6,R2,5PTAACCGTTGCTAGGAGAGACCATATG(BC),GGTATGTGAACATACAACATAGGAGTTGGTTACAAGGAAT,Custom
12,12_PAX6-alt1,R2,5PTAACCGTTGCTAGGAGAGACCATATG(BC),TTGCTGACGACAGCTTACAGGCGAAACGGTCTTAAGTAAA,Custom
15,15_NKX2-2,R2,5PTAACCGTTGCTAGGAGAGACCATATG(BC),ACGGTGCGAACATAAAACTAAAGACATAGTACTTAGATGT,Custom
17,17_ARX,R2,5PTAACCGTTGCTAGGAGAGACCATATG(BC),CCAGTGCAGTCACTCGACACCTGAGATCGTGACCAGACCA,Custom
24,24_GATA6het,R2,5PTAACCGTTGCTAGGAGAGACCATATG(BC),GAAGTGATCTCACTTAACGAATGAAGGAGTATCGAGTACA,Custom
27,27_GATA4,R2,5PTAACCGTTGCTAGGAGAGACCATATG(BC),ATCTTGTGACCATCTCACAGGGGAAACGGTATGAAGTATA,Custom
30,30_FOXA2,R2,5PTAACCGTTGCTAGGAGAGACCATATG(BC),GGTATGGTTCCAGAACACCATCGAGAACGTTGCTAGGAAG,Custom
31,31_FOXA2,R2,5PTAACCGTTGCTAGGAGAGACCATATG(BC),CCCCTGTTCACACCACACATCGGAAACAGTAAAAAGCCAA,Custom
33,33_FOXA1,R2,5PTAACCGTTGCTAGGAGAGACCATATG(BC),GCCTTGATTACAACTAACACGTGAGTTGGTGTAAAGGGGA,Custom
37,37_RFX6,R2,5PTAACCGTTGCTAGGAGAGACCATATG(BC),AAAGTGAGTACAAACGACCTCGGAAATGGTGCTCAGCAAA,Custom
38,38_GLIS3,R2,5PTAACCGTTGCTAGGAGAGACCATATG(BC),CTCTTGCTAACACGATACAAAAGAGATTGTTACAAGTGTC,Custom
39,39_GLIS3,R2,5PTAACCGTTGCTAGGAGAGACCATATG(BC),AGGATGAACTCAAATTACAATCGATACCGTTTACAGCCGA,Custom
42,42_HHEX,R2,5PTAACCGTTGCTAGGAGAGACCATATG(BC),GCAATGATAGCACACCACAGTTGAGTATGTATCCAGTCCA,Custom
43,43_HHEX,R2,5PTAACCGTTGCTAGGAGAGACCATATG(BC),CTGCTGATTTCAACCCACGGGCGAACAAGTTTGGAGTAAC,Custom
44,44_HHEX,R2,5PTAACCGTTGCTAGGAGAGACCATATG(BC),ACATTGCGTGCACAGTACATTTGACAAAGTCAAAAGATGA,Custom
45,45_HHEX,R2,5PTAACCGTTGCTAGGAGAGACCATATG(BC),CGCATGTAATCAATAAACCTAGGAAGAAGTTCGTAGACGC,Custom
46,46_HHEXhet,R2,5PTAACCGTTGCTAGGAGAGACCATATG(BC),ATACTGCTACCAGATCACGCTTGACCAAGTTAGAAGCTTC,Custom
47,47_WT,R2,5PTAACCGTTGCTAGGAGAGACCATATG(BC),CAATTGCGCACACCTAACCGGTGAAAAAGTCGGCAGGAGT,Custom
51,51_FOXA1,R2,5PTAACCGTTGCTAGGAGAGACCATATG(BC),AACGTGACGCCACCGTACGCAAGATAGCGTTAGAAGACGA,Custom
56,56_FOXA1,R2,5PTAACCGTTGCTAGGAGAGACCATATG(BC),CAACTGCATACAACACACGTGGGAAATTGTGTGTAGCACT,Custom
57,57_OTUD5,R2,5PTAACCGTTGCTAGGAGAGACCATATG(BC),CTCGTGGCCCCAGTGTACGTCCGACCGAGTGCTGAGTGGC,Custom
58,58_OTUD5,R2,5PTAACCGTTGCTAGGAGAGACCATATG(BC),GCCCTGCCCTCACCACACCTGTGACCCCGTGGGCAGTCAC,Custom
59,59_TADA2B,R2,5PTAACCGTTGCTAGGAGAGACCATATG(BC),AGTATGTCAACAAATCACACCGGAATTAGTGCATAGTACC,Custom
63,63_BCOR,R2,5PTAACCGTTGCTAGGAGAGACCATATG(BC),AACTTGTTTGCACAGAACAAGAGATTCAGTTAACAGTCAG,Custom
64,64_KDM2B,R2,5PTAACCGTTGCTAGGAGAGACCATATG(BC),TTCCTGGTATCATGTGACAATAGAACTAGTACAAAGCGTC,Custom
65,65_OTUD5,R2,5PTAACCGTTGCTAGGAGAGACCATATG(BC),ACAATGCGCCCAGCCAACGACGGACGTGGTCCCGAGTGAT,Custom
66,66_OTUD5,R2,5PTAACCGTTGCTAGGAGAGACCATATG(BC),ATCCTGTAACCATCTCACCAGTGAGCTCGTGCAGAGCATA,Custom
67,67_FOXA2,R2,5PTAACCGTTGCTAGGAGAGACCATATG(BC),CCCATGGTCTCACCACACTAACGATCCAGTCACAAGGTCG,Custom
68,68_FOXA2,R2,5PTAACCGTTGCTAGGAGAGACCATATG(BC),CCAATGAGAGCACTTCACCCCCGAAAGTGTAATAAGCATC,Custom
69,69_NGN3,R2,5PTAACCGTTGCTAGGAGAGACCATATG(BC),ATGCTGCGTTCAGATCACCTACGAATCAGTCTCAAGAGAA,Custom
70,70_NGN3,R2,5PTAACCGTTGCTAGGAGAGACCATATG(BC),CCACTGGCGACATCTGACTATTGACACTGTCATTAGTTAC,Custom
70,70_NGN3-alt1,R2,5PTAACCGTTGCTAGGAGAGACCATATG(BC),AGCCTGTCACCATTCAACAAATGAGCCAGTGAGAAGTCTA,Custom
71,71_GSC,R2,5PTAACCGTTGCTAGGAGAGACCATATG(BC),TCGATGTACACACACCACACCCGACAGGGTAAATAGACCC,Custom
72,72_GSC,R2,5PTAACCGTTGCTAGGAGAGACCATATG(BC),GACCTGTCACCATCAAACTGTGGATATAGTTAATAGCCAC,Custom
73,73_BMPR1A,R2,5PTAACCGTTGCTAGGAGAGACCATATG(BC),CTAATGTTTCCAAAGAACTAAAGATGATGTGCCTAGACAA,Custom
74,74_BMPR1A,R2,5PTAACCGTTGCTAGGAGAGACCATATG(BC),ATGATGGGCCCAGCAAACTTGAGACGCCGTGGATAGCCCC,Custom
75,75_TLE3,R2,5PTAACCGTTGCTAGGAGAGACCATATG(BC),GGAGTGCTACCAACGAACTACAGAGCATGTTACAAGTATA,Custom
76,76_TLE3,R2,5PTAACCGTTGCTAGGAGAGACCATATG(BC),GCAGTGGACGCATAACACCCTTGATTAAGTATATAGCTCA,Custom
77,77_ONECUT1e,R2,5PTAACCGTTGCTAGGAGAGACCATATG(BC),TCGTTGGAGGCACACTACGCCGGAAAACGTATGCAGAATT,Custom
78,78_ONECUT1e,R2,5PTAACCGTTGCTAGGAGAGACCATATG(BC),CCCTTGCCGTCACCGAACAGGAGAACTCGTACTTAGAAGT,Custom
79,79_ONECUT1e,R2,5PTAACCGTTGCTAGGAGAGACCATATG(BC),ATATTGTGACCAGTTCACGCAAGATCAAGTAAACAGTTCG,Custom
80,80_GATA6het,R2,5PTAACCGTTGCTAGGAGAGACCATATG(BC),AGTTTGGTACCAACGAACTACAGACTCAGTGCGGAGAGAC,Custom
81,81_GATA6het,R2,5PTAACCGTTGCTAGGAGAGACCATATG(BC),CCCTTGTTCTCATACTACCGGCGATTGGGTTAATAGACCC,Custom
82,82_GATA6,R2,5PTAACCGTTGCTAGGAGAGACCATATG(BC),TGTATGTGGACAACTCACCAAAGAGCATGTTGCCAGATCA,Custom
83,83_GATA6,R2,5PTAACCGTTGCTAGGAGAGACCATATG(BC),GCGTTGTACGCACTCCACCGGTGAAAGCGTTGAAAGTCAA,Custom
84,84_GATA4het,R2,5PTAACCGTTGCTAGGAGAGACCATATG(BC),TTGCTGGAGCCAATAGACTCTAGATCTCGTACGTAGCATG,Custom
85,85_GATA4het,R2,5PTAACCGTTGCTAGGAGAGACCATATG(BC),ACCCTGGTCCCAGCAGACGCACGACCAGGTGGCCAGCTAC,Custom
86,86_GATA4,R2,5PTAACCGTTGCTAGGAGAGACCATATG(BC),ACCTTGCCATCAAAAGTCGAGGTCGTACACAGATAA,Custom
87,87_GATA4,R2,5PTAACCGTTGCTAGGAGAGACCATATG(BC),CACCTGACCCCAGGGGACCCCAGACGTAGTCCACAGCGCC,Custom
88,88_NKX2-2,R2,5PTAACCGTTGCTAGGAGAGACCATATG(BC),TCAGTGTACACAACTCACCCCAGACCATGTTCTAAGATTT,Custom
92,92_NEUROD1,R2,5PTAACCGTTGCTAGGAGAGACCATATG(BC),ACCGTGGAGCCAGGATACGGCCGAACCAGTTAAAAGGAGA,Custom
93,93_NEUROD1,R2,5PTAACCGTTGCTAGGAGAGACCATATG(BC),ATATTGGCAACAGTGAACCCCCGACGCTGTAATTAGGCCC,Custom
94,94_PAX6,R2,5PTAACCGTTGCTAGGAGAGACCATATG(BC),ACCTTGACACCATCTGACCGGGGACCGAGTGAGCAGTGAA,Custom
95,95_NKX2-2,R2,5PTAACCGTTGCTAGGAGAGACCATATG(BC),TTAGTGCCTACATAGGACCATTGATATGGTTTATAGCAGT,Custom
96,96_PBX1,R2,5PTAACCGTTGCTAGGAGAGACCATATG(BC),ACACTGGTTTCAGGGAACCATCGACTAGGTTATTAGACAA,Custom
97,97_PBX1,R2,5PTAACCGTTGCTAGGAGAGACCATATG(BC),GCGTTGCAAGCAACCAACACTGGAGTGAGTTGCAAGCTTG,Custom
98,98_RFX6,R2,5PTAACCGTTGCTAGGAGAGACCATATG(BC),ACTATGTGGACACCACACTGCAGATCCCGTAACCAGACCA,Custom
99,99_RFX6,R2,5PTAACCGTTGCTAGGAGAGACCATATG(BC),AAAGTGATACCACGCCACAAAAGATACTGTACCCAGAAAT,Custom
102,102_MNX1,R2,5PTAACCGTTGCTAGGAGAGACCATATG(BC),GCCCTGCACACATACTACCCATGAAAAGGTCTGTAGTAGT,Custom
103,103_MNX1,R2,5PTAACCGTTGCTAGGAGAGACCATATG(BC),AACATGCACTCAACCGACGAGGGAAGCTGTTTTGAGCATT,Custom
107,107_TET1/2/3,R2,5PTAACCGTTGCTAGGAGAGACCATATG(BC),GTCTTGGTAGCAGCAGACACTTGAACGAGTAGCGAGTAGA,Custom
108,108_MNX1,R2,5PTAACCGTTGCTAGGAGAGACCATATG(BC),CTTGTGATCCCAATACACAGAGGAGAACTCCCAAGTCTG,Custom
109,109_TET1/2/3,R2,5PTAACCGTTGCTAGGAGAGACCATATG(BC),CTCCTGTGCCCACCCGACCCCTGACGCCGTGCCCAGGTCC,Custom
110,110_WT,R2,5PTAACCGTTGCTAGGAGAGACCATATG(BC),CAGATGCAGGCATTAAACATGTGAGTAGGTGCGCAGCCCA,Custom
111,111_WT,R2,5PTAACCGTTGCTAGGAGAGACCATATG(BC),GCACTGAGAACAGGAAACCAACGATGATGTACAAAGGTCA,Custom
112,112_PDX1,R2,5PTAACCGTTGCTAGGAGAGACCATATG(BC),CCAATGCAAACAGTGCACGTACGAACGCGTTAAAAGTAAA,Custom
114,114_PDX1het,R2,5PTAACCGTTGCTAGGAGAGACCATATG(BC),AAAATGCTGGCACGAGACGCGAGAAGACGTAATAAGGAAA,Custom
115,115_PDX1,R2,5PTAACCGTTGCTAGGAGAGACCATATG(BC),TTGGTGCGCCCATGTAACGCATGAACCCGTGAAAAGCCAA,Custom
117,117_QSER1TET1,R2,5PTAACCGTTGCTAGGAGAGACCATATG(BC),GCACTGCATTCAACTTACAGCAGAACGAGTCTGTAGGGTT,Custom
118,118_QSER1TET1,R2,5PTAACCGTTGCTAGGAGAGACCATATG(BC),ATCCTGTGGGCATGAAACTGGAGAACTAGTCCCTAGCATG,Custom
119,119_QSER1,R2,5PTAACCGTTGCTAGGAGAGACCATATG(BC),TTTATGAGAACACGCCACACCCGATGAGGTTCGCAGTATT,Custom
120,120_QSER1,R2,5PTAACCGTTGCTAGGAGAGACCATATG(BC),TTGCTGAAGGCAATCCACGACCGAAAAAGTGAACAGTTAC,Custom
121,121_PROSER1,R2,5PTAACCGTTGCTAGGAGAGACCATATG(BC),TTAATGCCCGCACTGCACAGTGGAGTCAGTGATAAGCAAG,Custom
122,122_TET1,R2,5PTAACCGTTGCTAGGAGAGACCATATG(BC),GTAATGACACCAATACACAGGGGAGTGAGTCTAAAGATAA,Custom
123,123_NANOGehet,R2,5PTAACCGTTGCTAGGAGAGACCATATG(BC),CGTTTGGGTCCAGTAAACCACGGAGAGAGTAGACAGAAAA,Custom
124,124_NANOGehet,R2,5PTAACCGTTGCTAGGAGAGACCATATG(BC),TAACTGCTATCACTCGACTGCAGATACCGTTTAGAGCCTA,Custom
125,125_HHEXe,R2,5PTAACCGTTGCTAGGAGAGACCATATG(BC),GACATGGTAACACCACACTATGGACTACGTCCAAAGATGC,Custom
127,127_HHEXe,R2,5PTAACCGTTGCTAGGAGAGACCATATG(BC),CGTGTGCACCCATCGAACAATCGAAATCGTACCCAGAAGA,Custom
128,128_WT111,R2,5PTAACCGTTGCTAGGAGAGACCATATG(BC),ACTTTGAAAACACCACACAAAAGAAATAGTTAGAAGGCCG,Custom
129,129_WT111,R2,5PTAACCGTTGCTAGGAGAGACCATATG(BC),GGTCTGCCGACAGGCCACCCCAGACATCGTAACGAGCATC,Custom
130,130_WT111,R2,5PTAACCGTTGCTAGGAGAGACCATATG(BC),ACAATGAGTTCAATACACACTGGAACTCGTATGCAGCCTA,Custom
131,131_WT111,R2,5PTAACCGTTGCTAGGAGAGACCATATG(BC),GCCCTGGTCGCAGCCCACGGTTGAGCCCGTTCGCAGCCCC,Custom
132,132_WT111,R2,5PTAACCGTTGCTAGGAGAGACCATATG(BC),ACCGTGCTATCACCGTACTATCGAAATCGTGCCAAGACTC,Custom
133,133_WT111,R2,5PTAACCGTTGCTAGGAGAGACCATATG(BC),ACAATGATAACACACTACAATTGACGGCGTTCACAGGCAA,Custom
134,134_WT111,R2,5PTAACCGTTGCTAGGAGAGACCATATG(BC),CATCTGCAAACATCCGACAAGAGACACTGTAGTTAGAAAA,Custom
135,135_WT111,R2,5PTAACCGTTGCTAGGAGAGACCATATG(BC),TATCTGGAAGCATGAAACATCGGATAAAGTCACAAGCTAT,Custom
136,136_WT111,R2,5PTAACCGTTGCTAGGAGAGACCATATG(BC),CGATTGATCGCATTAAACACAGGAGCCAGTACTTAGATCA,Custom
137,137_WT111,R2,5PTAACCGTTGCTAGGAGAGACCATATG(BC),AGCATGTATTCAGAGGACAGCTGACCGGGTAGCGAGAACA,Custom
138,138_WT111,R2,5PTAACCGTTGCTAGGAGAGACCATATG(BC),TACATGGTTACAAGCTACCTAAGAGTCGGTAAAAAGCAAG,Custom
139,139_WT111,R2,5PTAACCGTTGCTAGGAGAGACCATATG(BC),CGGATGACGGCATTATACTTGGGAGCGTGTCCAAAGGGAC,Custom
140,140_WT4,R2,5PTAACCGTTGCTAGGAGAGACCATATG(BC),CGAGTGCCTGCATAGCACACGGGACCTGGTTCCAAGGCTA,Custom
141,141_WT4,R2,5PTAACCGTTGCTAGGAGAGACCATATG(BC),CAGTTGCACCCACTAAACACCCGACACAGTTAACAGACGC,Custom
142,142_WT4,R2,5PTAACCGTTGCTAGGAGAGACCATATG(BC),CAGCTGGCGAACAACAGACAGATGAAAGCGTGCCCAGTACC,Custom
143,143_WT4,R2,5PTAACCGTTGCTAGGAGAGACCATATG(BC),ACCCTGCCCCCATGGGACACCTGAGTCCGTTCGAAGGAAC,Custom
144,144_WT4,R2,5PTAACCGTTGCTAGGAGAGACCATATG(BC),CAAGTGAGTGCATAAAACTCAGGAGGCCGTAGTTAGCTCA,Custom
145,145_WT4,R2,5PTAACCGTTGCTAGGAGAGACCATATG(BC),CAAATGAAACCACAAGACGATCGAATTTGTACGAAGAGCG,Custom
146,146_WT4,R2,5PTAACCGTTGCTAGGAGAGACCATATG(BC),CCCCTGCGTGCAGGCTACATTTGAGCAAGTCCGTAGCAGC,Custom
147,147_WT4,R2,5PTAACCGTTGCTAGGAGAGACCATATG(BC),CAATTGCTGCCACCTTACCAGTGAACGGGTATAAAGATAC,Custom
148,148_WT4,R2,5PTAACCGTTGCTAGGAGAGACCATATG(BC),CACCTGAACCCACATCACAGGAGACATGGTTACAAGTCCA,Custom
149,149_WT4,R2,5PTAACCGTTGCTAGGAGAGACCATATG(BC),TAACTGACACCAAGGCACATTAGACTATGTACCCAGTTAG,Custom
150,150_WT4,R2,5PTAACCGTTGCTAGGAGAGACCATATG(BC),ACAATGAATACAACCTACCGGGGAATTCGTCGAGAGGAAA,Custom
151,151_WT4,R2,5PTAACCGTTGCTAGGAGAGACCATATG(BC),ACAGTGAGCACAGAGAACCGGTGATAGGGTACGAAGCAGC,Custom
152,152_HNF4Ahet,R2,5PTAACCGTTGCTAGGAGAGACCATATG(BC),AGCTTGTGGCCAGTAGACAATGGAGTACGTGGATAGTTTT,Custom
153,153_HNF4A,R2,5PTAACCGTTGCTAGGAGAGACCATATG(BC),TAAATGGTGGCATGAAACAACAGAAACCGTGGATAGACGT,Custom
