sequence,name
GGTACACATAATGATAGCTC,RAD21_degron
GCTCTCCATATAACTTGCTC,CTCF_degron
AAGGACCATATCGTTCGCTC,GATA6_degron
GTTCTGAGTAGCCTTGTCTC,MYC_degron
GTCACCAGTAACTTGTTCTC,SOX2_degron
AGACGTAGTATTCGGAATTC,SOX3_degron
GAAGCTAGTAGTGCTAATTC,SOX4_degron
GAGTCAGGTACACTGCATTC,NFKB1_degron
CATTACGGTACTTGCTATTC,FOXO1_degron
TTGCTCGGTACTGAAGGTTC,FOXM1_degron
TCCATTGGTATTCCTGGTTC,LMNB1_degron
TCTAGACGTACCATTGGTTC,LMNB2_degron
GTGCGACGTAGGCTACGTTC,SOX11_degron
AGCATACGTACAGCTCGTTC,MED13_degron
TCACCGCGTAAGTCTTGTTC,CDK8_degron
GTTGACCGTAGCAGAGCTTC,ISL1_degron
ATGGCTCGTAATCTAGCTTC,GCM1_degron
TACTCTCGTAAGGAGCCTTC,NKX2.1_degron
CATGTTCGTATCTGGCCTTC,ARID1A_degron
TGAAGGTGTAGGCACTCTTC,SOX12_degron
CGGCACTGTACCGGCAGAAT,SOX13_degron
ATAGGCTGTACAGCAGGAAT,SPEN_degron
ACTACCTGTAGCATAGGAAT,POU3F1_degron
GAGAGTTGTAGTCGCGGAAT,YBX1_degron
TACCGAACTAAGCCTGGAAT,MTF2_degron
CCGAGGACTAGAACGTGAAT,EED_degron
GACTCGACTACACACTGAAT,EZH2_degron
TCAGCCACTACGCATACAAT,SUZ12_degron
ATCCTCACTAGGTGAGCAAT,EZH1_degron
AGCGTGGCTATCCTGGCAAT,RBBP4_degron
CTCAACGCTATGGCCGCAAT,RBBP7_degron
CCTGATGCTACCACACCAAT,SMARCA4_degron
AACAGTGCTAGAGAGGTAAT,PBRM1_degron
TGATCTGCTAGACCACTAAT,SMARCB1_degron
TTCGCACCTAGGTCCTTAAT,CHD4_degron
AATCCACCTAGTGGTCAGAT,INO80_degron
AAGATGCCTAAGAGTAGGAT,SMARCA1_degron
TCGGAGCCTATCTCCTAGAT,SMARCA5_degron
CGCTAGCCTAGCTGGAGGAT,DNMT3A_degron
TGCCTTCCTAGGCATCGGAT,EOMES_degron
GGTCTATCTAAACACACGAT,MAD2L1_degron
CTTCAGTCTAACCGAGCGAT,BUB1B_degron
CGCGCTTCTAGGACTGCGAT,ARID3B_degron
AGCCAGATTATACCATCGAT,YY1_degron
GGATGGATTACGCTCTCGAT,SMARCD1_degron
GCTTCCATTAAGCTGATGAT,SMARCC1_degron
GGTGAAGTTATCGCTATGAT,U2AF2_degron
CAACCTGATAGGTGTTACTC,SOX9_degron
CGTTGTGATACAGTCTACTC,ZSCAN10_degron
AACGCTCACAATGCGTCACC,TP53_degron
ACAGGACATAGCTAGAGCTC,DNMT1_degron
